timeStamp,elapsed,label,responseCode,responseMessage,threadName,dataType,success,failureMessage,bytes,sentBytes,grpThreads,allThreads,URL,Latency,IdleTime,Connect
0,0,ReminderPage Request,1000,,Thread Group 1-314,text,false,,0,0,500,500,null,0,0,0
0,0,ReminderPage Request,1000,,Thread Group 1-302,text,false,,0,0,499,499,null,0,0,0
0,0,ReminderPage Request,1000,,Thread Group 1-296,text,false,,0,0,498,498,null,0,0,0
0,0,ReminderPage Request,1000,,Thread Group 1-306,text,false,,0,0,497,497,null,0,0,0
0,0,ReminderPage Request,1000,,Thread Group 1-309,text,false,,0,0,496,496,null,0,0,0
0,0,ReminderPage Request,1000,,Thread Group 1-310,text,false,,0,0,495,495,null,0,0,0
0,0,ReminderPage Request,1000,,Thread Group 1-322,text,false,,0,0,494,494,null,0,0,0
0,0,ReminderPage Request,1000,,Thread Group 1-324,text,false,,0,0,500,500,null,0,0,0
0,0,ReminderPage Request,1000,,Thread Group 1-312,text,false,,0,0,493,493,null,0,0,0
0,0,ReminderPage Request,1000,,Thread Group 1-335,text,false,,0,0,500,500,null,0,0,0
0,0,ReminderPage Request,1000,,Thread Group 1-319,text,false,,0,0,490,490,null,0,0,0
0,0,ReminderPage Request,1000,,Thread Group 1-288,text,false,,0,0,489,489,null,0,0,0
0,0,ReminderPage Request,1000,,Thread Group 1-289,text,false,,0,0,489,489,null,0,0,0
0,0,ReminderPage Request,1000,,Thread Group 1-303,text,false,,0,0,487,487,null,0,0,0
0,0,ReminderPage Request,1000,,Thread Group 1-298,text,false,,0,0,486,486,null,0,0,0
0,0,ReminderPage Request,1000,,Thread Group 1-291,text,false,,0,0,485,485,null,0,0,0
0,0,ReminderPage Request,1000,,Thread Group 1-481,text,false,,0,0,484,484,null,0,0,0
0,0,ReminderPage Request,1000,,Thread Group 1-491,text,false,,0,0,483,483,null,0,0,0
0,0,ReminderPage Request,1000,,Thread Group 1-321,text,false,,0,0,482,482,null,0,0,0
0,0,ReminderPage Request,1000,,Thread Group 1-318,text,false,,0,0,481,481,null,0,0,0
0,0,ReminderPage Request,1000,,Thread Group 1-350,text,false,,0,0,480,480,null,0,0,0
0,0,ReminderPage Request,1000,,Thread Group 1-492,text,false,,0,0,479,479,null,0,0,0
0,0,ReminderPage Request,1000,,Thread Group 1-290,text,false,,0,0,478,478,null,0,0,0
0,0,ReminderPage Request,1000,,Thread Group 1-323,text,false,,0,0,477,477,null,0,0,0
0,0,ReminderPage Request,1000,,Thread Group 1-299,text,false,,0,0,479,479,null,0,0,0
0,0,ReminderPage Request,1000,,Thread Group 1-307,text,false,,0,0,482,482,null,0,0,0
0,0,ReminderPage Request,1000,,Thread Group 1-305,text,false,,0,0,474,474,null,0,0,0
0,0,ReminderPage Request,1000,,Thread Group 1-300,text,false,,0,0,473,473,null,0,0,0
0,0,ReminderPage Request,1000,,Thread Group 1-349,text,false,,0,0,472,472,null,0,0,0
0,0,ReminderPage Request,1000,,Thread Group 1-387,text,false,,0,0,472,472,null,0,0,0
0,0,ReminderPage Request,1000,,Thread Group 1-327,text,false,,0,0,470,470,null,0,0,0
0,0,ReminderPage Request,1000,,Thread Group 1-341,text,false,,0,0,469,469,null,0,0,0
0,0,ReminderPage Request,1000,,Thread Group 1-346,text,false,,0,0,469,469,null,0,0,0
0,0,ReminderPage Request,1000,,Thread Group 1-343,text,false,,0,0,469,469,null,0,0,0
0,0,ReminderPage Request,1000,,Thread Group 1-295,text,false,,0,0,466,466,null,0,0,0
0,0,ReminderPage Request,1000,,Thread Group 1-340,text,false,,0,0,466,466,null,0,0,0
0,0,ReminderPage Request,1000,,Thread Group 1-342,text,false,,0,0,464,464,null,0,0,0
0,0,ReminderPage Request,1000,,Thread Group 1-364,text,false,,0,0,464,464,null,0,0,0
0,0,ReminderPage Request,1000,,Thread Group 1-332,text,false,,0,0,464,464,null,0,0,0
0,0,ReminderPage Request,1000,,Thread Group 1-356,text,false,,0,0,463,463,null,0,0,0
0,0,ReminderPage Request,1000,,Thread Group 1-308,text,false,,0,0,464,464,null,0,0,0
0,0,ReminderPage Request,1000,,Thread Group 1-316,text,false,,0,0,463,463,null,0,0,0
0,0,ReminderPage Request,1000,,Thread Group 1-389,text,false,,0,0,464,464,null,0,0,0
0,0,ReminderPage Request,1000,,Thread Group 1-320,text,false,,0,0,458,458,null,0,0,0
0,0,ReminderPage Request,1000,,Thread Group 1-382,text,false,,0,0,458,458,null,0,0,0
0,0,ReminderPage Request,1000,,Thread Group 1-489,text,false,,0,0,458,458,null,0,0,0
0,0,ReminderPage Request,1000,,Thread Group 1-355,text,false,,0,0,456,456,null,0,0,0
0,0,ReminderPage Request,1000,,Thread Group 1-380,text,false,,0,0,456,456,null,0,0,0
0,0,ReminderPage Request,1000,,Thread Group 1-366,text,false,,0,0,456,456,null,0,0,0
0,0,ReminderPage Request,1000,,Thread Group 1-482,text,false,,0,0,455,455,null,0,0,0
0,0,ReminderPage Request,1000,,Thread Group 1-485,text,false,,0,0,454,454,null,0,0,0
0,0,ReminderPage Request,1000,,Thread Group 1-488,text,false,,0,0,453,453,null,0,0,0
0,0,ReminderPage Request,1000,,Thread Group 1-495,text,false,,0,0,452,452,null,0,0,0
0,0,ReminderPage Request,1000,,Thread Group 1-336,text,false,,0,0,451,451,null,0,0,0
0,0,ReminderPage Request,1000,,Thread Group 1-494,text,false,,0,0,450,450,null,0,0,0
0,0,ReminderPage Request,1000,,Thread Group 1-344,text,false,,0,0,449,449,null,0,0,0
0,0,ReminderPage Request,1000,,Thread Group 1-347,text,false,,0,0,448,448,null,0,0,0
0,0,ReminderPage Request,1000,,Thread Group 1-353,text,false,,0,0,447,447,null,0,0,0
0,0,ReminderPage Request,1000,,Thread Group 1-330,text,false,,0,0,446,446,null,0,0,0
0,0,ReminderPage Request,1000,,Thread Group 1-345,text,false,,0,0,446,446,null,0,0,0
0,0,ReminderPage Request,1000,,Thread Group 1-358,text,false,,0,0,445,445,null,0,0,0
0,0,ReminderPage Request,1000,,Thread Group 1-357,text,false,,0,0,444,444,null,0,0,0
0,0,ReminderPage Request,1000,,Thread Group 1-363,text,false,,0,0,444,444,null,0,0,0
0,0,ReminderPage Request,1000,,Thread Group 1-361,text,false,,0,0,444,444,null,0,0,0
0,0,ReminderPage Request,1000,,Thread Group 1-362,text,false,,0,0,442,442,null,0,0,0
0,0,ReminderPage Request,1000,,Thread Group 1-369,text,false,,0,0,442,442,null,0,0,0
0,0,ReminderPage Request,1000,,Thread Group 1-377,text,false,,0,0,442,442,null,0,0,0
0,0,ReminderPage Request,1000,,Thread Group 1-379,text,false,,0,0,440,440,null,0,0,0
0,0,ReminderPage Request,1000,,Thread Group 1-317,text,false,,0,0,440,440,null,0,0,0
0,0,ReminderPage Request,1000,,Thread Group 1-386,text,false,,0,0,439,439,null,0,0,0
0,0,ReminderPage Request,1000,,Thread Group 1-304,text,false,,0,0,439,439,null,0,0,0
0,0,ReminderPage Request,1000,,Thread Group 1-325,text,false,,0,0,437,437,null,0,0,0
0,0,ReminderPage Request,1000,,Thread Group 1-313,text,false,,0,0,436,436,null,0,0,0
0,0,ReminderPage Request,1000,,Thread Group 1-328,text,false,,0,0,436,436,null,0,0,0
0,0,ReminderPage Request,1000,,Thread Group 1-301,text,false,,0,0,436,436,null,0,0,0
0,0,ReminderPage Request,1000,,Thread Group 1-378,text,false,,0,0,436,436,null,0,0,0
0,0,ReminderPage Request,1000,,Thread Group 1-372,text,false,,0,0,436,436,null,0,0,0
0,0,ReminderPage Request,1000,,Thread Group 1-365,text,false,,0,0,435,435,null,0,0,0
0,0,ReminderPage Request,1000,,Thread Group 1-375,text,false,,0,0,434,434,null,0,0,0
0,0,ReminderPage Request,1000,,Thread Group 1-368,text,false,,0,0,434,434,null,0,0,0
0,0,ReminderPage Request,1000,,Thread Group 1-360,text,false,,0,0,434,434,null,0,0,0
0,0,ReminderPage Request,1000,,Thread Group 1-359,text,false,,0,0,434,434,null,0,0,0
0,0,ReminderPage Request,1000,,Thread Group 1-484,text,false,,0,0,434,434,null,0,0,0
0,0,ReminderPage Request,1000,,Thread Group 1-477,text,false,,0,0,434,434,null,0,0,0
0,0,ReminderPage Request,1000,,Thread Group 1-294,text,false,,0,0,434,434,null,0,0,0
0,0,ReminderPage Request,1000,,Thread Group 1-478,text,false,,0,0,434,434,null,0,0,0
0,0,ReminderPage Request,1000,,Thread Group 1-483,text,false,,0,0,433,433,null,0,0,0
0,0,ReminderPage Request,1000,,Thread Group 1-499,text,false,,0,0,433,433,null,0,0,0
0,0,ReminderPage Request,1000,,Thread Group 1-500,text,false,,0,0,433,433,null,0,0,0
0,0,ReminderPage Request,1000,,Thread Group 1-391,text,false,,0,0,431,431,null,0,0,0
0,0,ReminderPage Request,1000,,Thread Group 1-348,text,false,,0,0,431,431,null,0,0,0
0,0,ReminderPage Request,1000,,Thread Group 1-337,text,false,,0,0,429,429,null,0,0,0
0,0,ReminderPage Request,1000,,Thread Group 1-486,text,false,,0,0,429,429,null,0,0,0
0,0,ReminderPage Request,1000,,Thread Group 1-476,text,false,,0,0,427,427,null,0,0,0
0,0,ReminderPage Request,1000,,Thread Group 1-354,text,false,,0,0,422,422,null,0,0,0
0,0,ReminderPage Request,1000,,Thread Group 1-373,text,false,,0,0,422,422,null,0,0,0
0,0,ReminderPage Request,1000,,Thread Group 1-376,text,false,,0,0,422,422,null,0,0,0
0,0,ReminderPage Request,1000,,Thread Group 1-371,text,false,,0,0,422,422,null,0,0,0
0,0,ReminderPage Request,1000,,Thread Group 1-370,text,false,,0,0,423,423,null,0,0,0
0,0,ReminderPage Request,1000,,Thread Group 1-367,text,false,,0,0,424,424,null,0,0,0
0,0,ReminderPage Request,1000,,Thread Group 1-333,text,false,,0,0,424,424,null,0,0,0
0,0,ReminderPage Request,1000,,Thread Group 1-352,text,false,,0,0,424,424,null,0,0,0
0,0,ReminderPage Request,1000,,Thread Group 1-329,text,false,,0,0,424,424,null,0,0,0
0,0,ReminderPage Request,1000,,Thread Group 1-334,text,false,,0,0,425,425,null,0,0,0
0,0,ReminderPage Request,1000,,Thread Group 1-331,text,false,,0,0,425,425,null,0,0,0
0,0,ReminderPage Request,1000,,Thread Group 1-338,text,false,,0,0,425,425,null,0,0,0
0,0,ReminderPage Request,1000,,Thread Group 1-383,text,false,,0,0,414,414,null,0,0,0
0,0,ReminderPage Request,1000,,Thread Group 1-497,text,false,,0,0,425,425,null,0,0,0
0,0,ReminderPage Request,1000,,Thread Group 1-493,text,false,,0,0,425,425,null,0,0,0
0,0,ReminderPage Request,1000,,Thread Group 1-496,text,false,,0,0,425,425,null,0,0,0
0,0,ReminderPage Request,1000,,Thread Group 1-479,text,false,,0,0,425,425,null,0,0,0
0,0,ReminderPage Request,1000,,Thread Group 1-388,text,false,,0,0,410,410,null,0,0,0
0,0,ReminderPage Request,1000,,Thread Group 1-498,text,false,,0,0,425,425,null,0,0,0
0,0,ReminderPage Request,1000,,Thread Group 1-381,text,false,,0,0,410,410,null,0,0,0
0,0,ReminderPage Request,1000,,Thread Group 1-293,text,false,,0,0,425,425,null,0,0,0
0,0,ReminderPage Request,1000,,Thread Group 1-374,text,false,,0,0,408,408,null,0,0,0
0,0,ReminderPage Request,1000,,Thread Group 1-384,text,false,,0,0,405,405,null,0,0,0
0,0,ReminderPage Request,1000,,Thread Group 1-474,text,false,,0,0,425,425,null,0,0,0
0,0,ReminderPage Request,1000,,Thread Group 1-292,text,false,,0,0,425,425,null,0,0,0
0,0,ReminderPage Request,1000,,Thread Group 1-297,text,false,,0,0,403,403,null,0,0,0
0,0,ReminderPage Request,1000,,Thread Group 1-390,text,false,,0,0,403,403,null,0,0,0
0,0,ReminderPage Request,1000,,Thread Group 1-315,text,false,,0,0,401,401,null,0,0,0
0,0,ReminderPage Request,1000,,Thread Group 1-326,text,false,,0,0,400,400,null,0,0,0
0,0,ReminderPage Request,1000,,Thread Group 1-311,text,false,,0,0,399,399,null,0,0,0
0,0,ReminderPage Request,1000,,Thread Group 1-385,text,false,,0,0,399,399,null,0,0,0
0,0,ReminderPage Request,1000,,Thread Group 1-351,text,false,,0,0,395,395,null,0,0,0
0,0,ReminderPage Request,1000,,Thread Group 1-480,text,false,,0,0,394,394,null,0,0,0
0,0,ReminderPage Request,1000,,Thread Group 1-490,text,false,,0,0,394,394,null,0,0,0
0,0,ReminderPage Request,1000,,Thread Group 1-339,text,false,,0,0,394,394,null,0,0,0
0,0,ReminderPage Request,1000,,Thread Group 1-487,text,false,,0,0,394,394,null,0,0,0
0,0,ReminderPage Request,1000,,Thread Group 1-392,text,false,,0,0,392,392,null,0,0,0
0,0,ReminderPage Request,1000,,Thread Group 1-475,text,false,,0,0,394,394,null,0,0,0
1616670322952,60333,ReminderPage Request,1000,Test successful,Thread Group 1-34,text,true,,0,0,368,368,null,0,0,0
1616670321056,100782,ReminderPage Request,1000,Test successful,Thread Group 1-19,text,true,,0,0,367,367,null,0,0,0
1616670321010,148271,ReminderPage Request,1000,Test successful,Thread Group 1-5,text,true,,0,0,367,367,null,0,0,0
1616670315245,154109,ReminderPage Request,1000,Test successful,Thread Group 1-4,text,true,,0,0,367,367,null,0,0,0
1616670387759,90347,ReminderPage Request,1000,Test successful,Thread Group 1-36,text,true,,0,0,365,365,null,0,0,0
1616670478080,122704,ReminderPage Request,1000,Test successful,Thread Group 1-74,text,true,,0,0,363,363,null,0,0,0
1616670470635,142967,ReminderPage Request,1000,Test successful,Thread Group 1-44,text,true,,0,0,362,362,null,0,0,0
0,0,ReminderPage Request,1000,,Thread Group 1-35,text,false,,0,0,361,361,null,0,0,0
0,0,ReminderPage Request,1000,,Thread Group 1-65,text,false,,0,0,361,361,null,0,0,0
0,0,ReminderPage Request,1000,,Thread Group 1-6,text,false,,0,0,359,359,null,0,0,0
0,0,ReminderPage Request,1000,,Thread Group 1-61,text,false,,0,0,359,359,null,0,0,0
0,0,ReminderPage Request,1000,,Thread Group 1-3,text,false,,0,0,359,359,null,0,0,0
0,0,ReminderPage Request,1000,,Thread Group 1-114,text,false,,0,0,356,356,null,0,0,0
0,0,ReminderPage Request,1000,,Thread Group 1-22,text,false,,0,0,355,355,null,0,0,0
0,0,ReminderPage Request,1000,,Thread Group 1-9,text,false,,0,0,355,355,null,0,0,0
0,0,ReminderPage Request,1000,,Thread Group 1-31,text,false,,0,0,353,353,null,0,0,0
0,0,ReminderPage Request,1000,,Thread Group 1-40,text,false,,0,0,352,352,null,0,0,0
0,0,ReminderPage Request,1000,,Thread Group 1-67,text,false,,0,0,351,351,null,0,0,0
0,0,ReminderPage Request,1000,,Thread Group 1-204,text,false,,0,0,350,350,null,0,0,0
0,0,ReminderPage Request,1000,,Thread Group 1-95,text,false,,0,0,349,349,null,0,0,0
0,0,ReminderPage Request,1000,,Thread Group 1-7,text,false,,0,0,348,348,null,0,0,0
0,0,ReminderPage Request,1000,,Thread Group 1-102,text,false,,0,0,347,347,null,0,0,0
0,0,ReminderPage Request,1000,,Thread Group 1-183,text,false,,0,0,347,347,null,0,0,0
0,0,ReminderPage Request,1000,,Thread Group 1-80,text,false,,0,0,347,347,null,0,0,0
0,0,ReminderPage Request,1000,,Thread Group 1-106,text,false,,0,0,344,344,null,0,0,0
1616670515783,112058,ReminderPage Request,1000,Test successful,Thread Group 1-2,text,true,,0,0,343,343,null,0,0,0
0,0,ReminderPage Request,1000,,Thread Group 1-62,text,false,,0,0,342,342,null,0,0,0
0,0,ReminderPage Request,1000,,Thread Group 1-104,text,false,,0,0,341,341,null,0,0,0
0,0,ReminderPage Request,1000,,Thread Group 1-56,text,false,,0,0,341,341,null,0,0,0
0,0,ReminderPage Request,1000,,Thread Group 1-52,text,false,,0,0,339,339,null,0,0,0
0,0,ReminderPage Request,1000,,Thread Group 1-92,text,false,,0,0,339,339,null,0,0,0
0,0,ReminderPage Request,1000,,Thread Group 1-94,text,false,,0,0,339,339,null,0,0,0
0,0,ReminderPage Request,1000,,Thread Group 1-79,text,false,,0,0,336,336,null,0,0,0
1616670521896,114286,ReminderPage Request,1000,Test successful,Thread Group 1-66,text,true,,0,0,335,335,null,0,0,0
0,0,ReminderPage Request,1000,,Thread Group 1-54,text,false,,0,0,334,334,null,0,0,0
0,0,ReminderPage Request,1000,,Thread Group 1-64,text,false,,0,0,333,333,null,0,0,0
0,0,ReminderPage Request,1000,,Thread Group 1-11,text,false,,0,0,332,332,null,0,0,0
0,0,ReminderPage Request,1000,,Thread Group 1-72,text,false,,0,0,331,331,null,0,0,0
0,0,ReminderPage Request,1000,,Thread Group 1-12,text,false,,0,0,330,330,null,0,0,0
0,0,ReminderPage Request,1000,,Thread Group 1-24,text,false,,0,0,329,329,null,0,0,0
0,0,ReminderPage Request,1000,,Thread Group 1-20,text,false,,0,0,328,328,null,0,0,0
0,0,ReminderPage Request,1000,,Thread Group 1-53,text,false,,0,0,327,327,null,0,0,0
0,0,ReminderPage Request,1000,,Thread Group 1-23,text,false,,0,0,326,326,null,0,0,0
0,0,ReminderPage Request,1000,,Thread Group 1-103,text,false,,0,0,325,325,null,0,0,0
0,0,ReminderPage Request,1000,,Thread Group 1-51,text,false,,0,0,324,324,null,0,0,0
0,0,ReminderPage Request,1000,,Thread Group 1-27,text,false,,0,0,323,323,null,0,0,0
0,0,ReminderPage Request,1000,,Thread Group 1-39,text,false,,0,0,322,322,null,0,0,0
0,0,ReminderPage Request,1000,,Thread Group 1-28,text,false,,0,0,321,321,null,0,0,0
0,0,ReminderPage Request,1000,,Thread Group 1-83,text,false,,0,0,321,321,null,0,0,0
0,0,ReminderPage Request,1000,,Thread Group 1-15,text,false,,0,0,319,319,null,0,0,0
0,0,ReminderPage Request,1000,,Thread Group 1-42,text,false,,0,0,318,318,null,0,0,0
0,0,ReminderPage Request,1000,,Thread Group 1-85,text,false,,0,0,317,317,null,0,0,0
0,0,ReminderPage Request,1000,,Thread Group 1-243,text,false,,0,0,316,316,null,0,0,0
0,0,ReminderPage Request,1000,,Thread Group 1-250,text,false,,0,0,315,315,null,0,0,0
0,0,ReminderPage Request,1000,,Thread Group 1-261,text,false,,0,0,314,314,null,0,0,0
0,0,ReminderPage Request,1000,,Thread Group 1-259,text,false,,0,0,313,313,null,0,0,0
1616670482849,219162,ReminderPage Request,1000,Test successful,Thread Group 1-29,text,true,,0,0,312,312,null,0,0,0
1616670478124,226708,ReminderPage Request,1000,Test successful,Thread Group 1-1,text,true,,0,0,311,311,null,0,0,0
1616670522837,183011,ReminderPage Request,1000,Test successful,Thread Group 1-33,text,true,,0,0,310,310,null,0,0,0
1616670549236,157875,ReminderPage Request,1000,Test successful,Thread Group 1-91,text,true,,0,0,309,309,null,0,0,0
1616670605533,102378,ReminderPage Request,1000,Test successful,Thread Group 1-461,text,true,,0,0,308,308,null,0,0,0
1616670478078,236529,ReminderPage Request,1000,Test successful,Thread Group 1-181,text,true,,0,0,307,307,null,0,0,0
0,0,ReminderPage Request,1000,,Thread Group 1-260,text,false,,0,0,306,306,null,0,0,0
1616670522937,192725,ReminderPage Request,1000,Test successful,Thread Group 1-16,text,true,,0,0,305,305,null,0,0,0
0,0,ReminderPage Request,1000,,Thread Group 1-194,text,false,,0,0,304,304,null,0,0,0
1616670598943,121834,ReminderPage Request,1000,Test successful,Thread Group 1-14,text,true,,0,0,303,303,null,0,0,0
1616670547399,174864,ReminderPage Request,1000,Test successful,Thread Group 1-88,text,true,,0,0,303,303,null,0,0,0
1616670485007,248348,ReminderPage Request,1000,Test successful,Thread Group 1-68,text,true,,0,0,301,301,null,0,0,0
1616670560533,190100,ReminderPage Request,1000,Test successful,Thread Group 1-78,text,true,,0,0,300,300,null,0,0,0
1616670599075,153247,ReminderPage Request,1000,Test successful,Thread Group 1-108,text,true,,0,0,299,299,null,0,0,0
1616670486694,278180,ReminderPage Request,1000,Test successful,Thread Group 1-58,text,true,,0,0,298,298,null,0,0,0
1616670515786,254201,ReminderPage Request,1000,Test successful,Thread Group 1-21,text,true,,0,0,297,297,null,0,0,0
0,0,ReminderPage Request,1000,,Thread Group 1-447,text,false,,0,0,296,296,null,0,0,0
0,0,ReminderPage Request,1000,,Thread Group 1-425,text,false,,0,0,295,295,null,0,0,0
0,0,ReminderPage Request,1000,,Thread Group 1-436,text,false,,0,0,294,294,null,0,0,0
0,0,ReminderPage Request,1000,,Thread Group 1-399,text,false,,0,0,293,293,null,0,0,0
0,0,ReminderPage Request,1000,,Thread Group 1-431,text,false,,0,0,292,292,null,0,0,0
0,0,ReminderPage Request,1000,,Thread Group 1-420,text,false,,0,0,292,292,null,0,0,0
0,0,ReminderPage Request,1000,,Thread Group 1-434,text,false,,0,0,292,292,null,0,0,0
1616670575610,199466,ReminderPage Request,1000,Test successful,Thread Group 1-75,text,true,,0,0,289,289,null,0,0,0
0,0,ReminderPage Request,1000,,Thread Group 1-225,text,false,,0,0,288,288,null,0,0,0
1616670478049,303322,ReminderPage Request,1000,,Thread Group 1-59,text,false,,0,0,287,287,null,0,0,0
1616670478343,303940,ReminderPage Request,1000,,Thread Group 1-37,text,false,,0,0,287,287,null,0,0,0
1616670478123,304345,ReminderPage Request,1000,,Thread Group 1-26,text,false,,0,0,285,285,null,0,0,0
1616670478096,306894,ReminderPage Request,1000,,Thread Group 1-25,text,false,,0,0,284,284,null,0,0,0
1616670521919,263170,ReminderPage Request,1000,Test successful,Thread Group 1-46,text,true,,0,0,283,283,null,0,0,0
1616670525278,259969,ReminderPage Request,1000,Test successful,Thread Group 1-113,text,true,,0,0,282,282,null,0,0,0
1616670712808,73874,ReminderPage Request,1000,Test successful,Thread Group 1-178,text,true,,0,0,281,281,null,0,0,0
0,0,ReminderPage Request,1000,,Thread Group 1-413,text,false,,0,0,280,280,null,0,0,0
0,0,ReminderPage Request,1000,,Thread Group 1-428,text,false,,0,0,279,279,null,0,0,0
0,0,ReminderPage Request,1000,,Thread Group 1-411,text,false,,0,0,278,278,null,0,0,0
0,0,ReminderPage Request,1000,,Thread Group 1-422,text,false,,0,0,277,277,null,0,0,0
0,0,ReminderPage Request,1000,,Thread Group 1-405,text,false,,0,0,276,276,null,0,0,0
0,0,ReminderPage Request,1000,,Thread Group 1-402,text,false,,0,0,275,275,null,0,0,0
0,0,ReminderPage Request,1000,,Thread Group 1-134,text,false,,0,0,274,274,null,0,0,0
1616670478063,311994,ReminderPage Request,1000,Test successful,Thread Group 1-43,text,true,,0,0,273,273,null,0,0,0
0,0,ReminderPage Request,1000,,Thread Group 1-98,text,false,,0,0,272,272,null,0,0,0
0,0,ReminderPage Request,1000,,Thread Group 1-397,text,false,,0,0,271,271,null,0,0,0
0,0,ReminderPage Request,1000,,Thread Group 1-234,text,false,,0,0,270,270,null,0,0,0
0,0,ReminderPage Request,1000,,Thread Group 1-395,text,false,,0,0,269,269,null,0,0,0
0,0,ReminderPage Request,1000,,Thread Group 1-394,text,false,,0,0,268,268,null,0,0,0
0,0,ReminderPage Request,1000,,Thread Group 1-403,text,false,,0,0,267,267,null,0,0,0
0,0,ReminderPage Request,1000,,Thread Group 1-440,text,false,,0,0,267,267,null,0,0,0
0,0,ReminderPage Request,1000,,Thread Group 1-229,text,false,,0,0,267,267,null,0,0,0
0,0,ReminderPage Request,1000,,Thread Group 1-231,text,false,,0,0,264,264,null,0,0,0
0,0,ReminderPage Request,1000,,Thread Group 1-421,text,false,,0,0,263,263,null,0,0,0
0,0,ReminderPage Request,1000,,Thread Group 1-415,text,false,,0,0,262,262,null,0,0,0
1616670741694,50732,ReminderPage Request,1000,Test successful,Thread Group 1-159,text,true,,0,0,261,261,null,0,0,0
0,0,ReminderPage Request,1000,,Thread Group 1-262,text,false,,0,0,260,260,null,0,0,0
0,0,ReminderPage Request,1000,,Thread Group 1-439,text,false,,0,0,259,259,null,0,0,0
0,0,ReminderPage Request,1000,,Thread Group 1-30,text,false,,0,0,260,260,null,0,0,0
0,0,ReminderPage Request,1000,,Thread Group 1-274,text,false,,0,0,258,258,null,0,0,0
0,0,ReminderPage Request,1000,,Thread Group 1-398,text,false,,0,0,258,258,null,0,0,0
0,0,ReminderPage Request,1000,,Thread Group 1-427,text,false,,0,0,258,258,null,0,0,0
0,0,ReminderPage Request,1000,,Thread Group 1-418,text,false,,0,0,254,254,null,0,0,0
0,0,ReminderPage Request,1000,,Thread Group 1-404,text,false,,0,0,253,253,null,0,0,0
0,0,ReminderPage Request,1000,,Thread Group 1-220,text,false,,0,0,252,252,null,0,0,0
0,0,ReminderPage Request,1000,,Thread Group 1-433,text,false,,0,0,251,251,null,0,0,0
0,0,ReminderPage Request,1000,,Thread Group 1-426,text,false,,0,0,250,250,null,0,0,0
0,0,ReminderPage Request,1000,,Thread Group 1-445,text,false,,0,0,249,249,null,0,0,0
0,0,ReminderPage Request,1000,,Thread Group 1-414,text,false,,0,0,248,248,null,0,0,0
0,0,ReminderPage Request,1000,,Thread Group 1-443,text,false,,0,0,247,247,null,0,0,0
0,0,ReminderPage Request,1000,,Thread Group 1-210,text,false,,0,0,246,246,null,0,0,0
0,0,ReminderPage Request,1000,,Thread Group 1-416,text,false,,0,0,245,245,null,0,0,0
0,0,ReminderPage Request,1000,,Thread Group 1-89,text,false,,0,0,244,244,null,0,0,0
0,0,ReminderPage Request,1000,,Thread Group 1-158,text,false,,0,0,243,243,null,0,0,0
0,0,ReminderPage Request,1000,,Thread Group 1-119,text,false,,0,0,242,242,null,0,0,0
1616670664645,138599,ReminderPage Request,1000,Test successful,Thread Group 1-133,text,true,,0,0,241,241,null,0,0,0
0,0,ReminderPage Request,1000,,Thread Group 1-467,text,false,,0,0,240,240,null,0,0,0
0,0,ReminderPage Request,1000,,Thread Group 1-140,text,false,,0,0,239,239,null,0,0,0
0,0,ReminderPage Request,1000,,Thread Group 1-430,text,false,,0,0,238,238,null,0,0,0
1616670478341,334259,ReminderPage Request,1000,Test successful,Thread Group 1-76,text,true,,0,0,237,237,null,0,0,0
1616670610095,202647,ReminderPage Request,1000,Test successful,Thread Group 1-107,text,true,,0,0,236,236,null,0,0,0
0,0,ReminderPage Request,1000,,Thread Group 1-470,text,false,,0,0,235,235,null,0,0,0
0,0,ReminderPage Request,1000,,Thread Group 1-263,text,false,,0,0,234,234,null,0,0,0
0,0,ReminderPage Request,1000,,Thread Group 1-173,text,false,,0,0,233,233,null,0,0,0
0,0,ReminderPage Request,1000,,Thread Group 1-190,text,false,,0,0,232,232,null,0,0,0
1616670516264,300298,ReminderPage Request,1000,,Thread Group 1-13,text,false,,0,0,231,231,null,0,0,0
0,0,ReminderPage Request,1000,,Thread Group 1-272,text,false,,0,0,230,230,null,0,0,0
0,0,ReminderPage Request,1000,,Thread Group 1-161,text,false,,0,0,229,229,null,0,0,0
1616670565679,252941,ReminderPage Request,1000,Test successful,Thread Group 1-47,text,true,,0,0,228,228,null,0,0,0
1616670731596,88463,ReminderPage Request,1000,Test successful,Thread Group 1-245,text,true,,0,0,227,227,null,0,0,0
1616670758076,61998,ReminderPage Request,1000,Test successful,Thread Group 1-459,text,true,,0,0,226,226,null,0,0,0
1616670749484,70651,ReminderPage Request,1000,Test successful,Thread Group 1-211,text,true,,0,0,225,225,null,0,0,0
1616670547318,272913,ReminderPage Request,1000,Test successful,Thread Group 1-38,text,true,,0,0,224,224,null,0,0,0
1616670767704,52583,ReminderPage Request,1000,Test successful,Thread Group 1-160,text,true,,0,0,223,223,null,0,0,0
0,0,ReminderPage Request,1000,,Thread Group 1-205,text,false,,0,0,222,222,null,0,0,0
1616670788022,33407,ReminderPage Request,1000,,Thread Group 1-270,text,false,,0,0,221,221,null,0,0,0
0,0,ReminderPage Request,1000,,Thread Group 1-82,text,false,,0,0,220,220,null,0,0,0
0,0,ReminderPage Request,1000,,Thread Group 1-192,text,false,,0,0,219,219,null,0,0,0
1616670723094,99428,ReminderPage Request,1000,Test successful,Thread Group 1-115,text,true,,0,0,218,218,null,0,0,0
1616670766898,57718,ReminderPage Request,1000,Test successful,Thread Group 1-162,text,true,,0,0,217,217,null,0,0,0
1616670765818,61339,ReminderPage Request,1000,Test successful,Thread Group 1-186,text,true,,0,0,216,216,null,0,0,0
0,0,ReminderPage Request,1000,,Thread Group 1-473,text,false,,0,0,215,215,null,0,0,0
0,0,ReminderPage Request,1000,,Thread Group 1-276,text,false,,0,0,214,214,null,0,0,0
0,0,ReminderPage Request,1000,,Thread Group 1-446,text,false,,0,0,214,214,null,0,0,0
0,0,ReminderPage Request,1000,,Thread Group 1-143,text,false,,0,0,214,214,null,0,0,0
0,0,ReminderPage Request,1000,,Thread Group 1-127,text,false,,0,0,214,214,null,0,0,0
0,0,ReminderPage Request,1000,,Thread Group 1-188,text,false,,0,0,214,214,null,0,0,0
0,0,ReminderPage Request,1000,,Thread Group 1-236,text,false,,0,0,210,210,null,0,0,0
0,0,ReminderPage Request,1000,,Thread Group 1-138,text,false,,0,0,209,209,null,0,0,0
0,0,ReminderPage Request,1000,,Thread Group 1-278,text,false,,0,0,207,207,null,0,0,0
0,0,ReminderPage Request,1000,,Thread Group 1-124,text,false,,0,0,206,206,null,0,0,0
0,0,ReminderPage Request,1000,,Thread Group 1-219,text,false,,0,0,205,205,null,0,0,0
0,0,ReminderPage Request,1000,,Thread Group 1-131,text,false,,0,0,204,204,null,0,0,0
0,0,ReminderPage Request,1000,,Thread Group 1-155,text,false,,0,0,203,203,null,0,0,0
0,0,ReminderPage Request,1000,,Thread Group 1-237,text,false,,0,0,202,202,null,0,0,0
1616670753974,73869,ReminderPage Request,1000,,Thread Group 1-268,text,false,,0,0,201,201,null,0,0,0
1616670701254,126606,ReminderPage Request,1000,Test successful,Thread Group 1-254,text,true,,0,0,200,200,null,0,0,0
0,0,ReminderPage Request,1000,,Thread Group 1-17,text,false,,0,0,199,199,null,0,0,0
0,0,ReminderPage Request,1000,,Thread Group 1-213,text,false,,0,0,198,198,null,0,0,0
0,0,ReminderPage Request,1000,,Thread Group 1-139,text,false,,0,0,197,197,null,0,0,0
0,0,ReminderPage Request,1000,,Thread Group 1-147,text,false,,0,0,196,196,null,0,0,0
0,0,ReminderPage Request,1000,,Thread Group 1-117,text,false,,0,0,195,195,null,0,0,0
0,0,ReminderPage Request,1000,,Thread Group 1-195,text,false,,0,0,194,194,null,0,0,0
0,0,ReminderPage Request,1000,,Thread Group 1-228,text,false,,0,0,193,193,null,0,0,0
0,0,ReminderPage Request,1000,,Thread Group 1-125,text,false,,0,0,192,192,null,0,0,0
0,0,ReminderPage Request,1000,,Thread Group 1-271,text,false,,0,0,191,191,null,0,0,0
1616670728727,101321,ReminderPage Request,1000,Test successful,Thread Group 1-163,text,true,,0,0,190,190,null,0,0,0
0,0,ReminderPage Request,1000,,Thread Group 1-135,text,false,,0,0,189,189,null,0,0,0
0,0,ReminderPage Request,1000,,Thread Group 1-454,text,false,,0,0,188,188,null,0,0,0
1616670478049,353357,ReminderPage Request,1000,Test successful,Thread Group 1-50,text,true,,0,0,187,187,null,0,0,0
0,0,ReminderPage Request,1000,,Thread Group 1-45,text,false,,0,0,186,186,null,0,0,0
1616670731775,100034,ReminderPage Request,1000,Test successful,Thread Group 1-267,text,true,,0,0,185,185,null,0,0,0
1616670750603,81781,ReminderPage Request,1000,Test successful,Thread Group 1-235,text,true,,0,0,184,184,null,0,0,0
1616670524909,308222,ReminderPage Request,1000,Test successful,Thread Group 1-18,text,true,,0,0,183,183,null,0,0,0
1616670773647,60789,ReminderPage Request,1000,Test successful,Thread Group 1-279,text,true,,0,0,182,182,null,0,0,0
1616670792680,44093,ReminderPage Request,1000,Test successful,Thread Group 1-465,text,true,,0,0,181,181,null,0,0,0
1616670782195,55470,ReminderPage Request,1000,Test successful,Thread Group 1-462,text,true,,0,0,180,180,null,0,0,0
1616670759530,80002,ReminderPage Request,1000,Test successful,Thread Group 1-233,text,true,,0,0,179,179,null,0,0,0
0,0,ReminderPage Request,1000,,Thread Group 1-130,text,false,,0,0,178,178,null,0,0,0
1616670806589,34557,ReminderPage Request,1000,Test successful,Thread Group 1-286,text,true,,0,0,177,177,null,0,0,0
1616670794763,50861,ReminderPage Request,1000,Test successful,Thread Group 1-48,text,true,,0,0,176,176,null,0,0,0
0,0,ReminderPage Request,1000,,Thread Group 1-218,text,false,,0,0,175,175,null,0,0,0
1616670734333,112090,ReminderPage Request,1000,Test successful,Thread Group 1-469,text,true,,0,0,174,174,null,0,0,0
1616670792188,54908,ReminderPage Request,1000,Test successful,Thread Group 1-77,text,true,,0,0,173,173,null,0,0,0
1616670723568,123586,ReminderPage Request,1000,Test successful,Thread Group 1-273,text,true,,0,0,172,172,null,0,0,0
1616670815868,31326,ReminderPage Request,1000,Test successful,Thread Group 1-248,text,true,,0,0,171,171,null,0,0,0
1616670785108,62150,ReminderPage Request,1000,Test successful,Thread Group 1-105,text,true,,0,0,170,170,null,0,0,0
1616670814075,33201,ReminderPage Request,1000,Test successful,Thread Group 1-111,text,true,,0,0,169,169,null,0,0,0
1616670808457,39236,ReminderPage Request,1000,Test successful,Thread Group 1-463,text,true,,0,0,168,168,null,0,0,0
1616670814582,34326,ReminderPage Request,1000,Test successful,Thread Group 1-141,text,true,,0,0,167,167,null,0,0,0
1616670773471,75530,ReminderPage Request,1000,Test successful,Thread Group 1-32,text,true,,0,0,166,166,null,0,0,0
1616670811556,37581,ReminderPage Request,1000,Test successful,Thread Group 1-142,text,true,,0,0,165,165,null,0,0,0
1616670765943,83430,ReminderPage Request,1000,Test successful,Thread Group 1-180,text,true,,0,0,164,164,null,0,0,0
0,0,ReminderPage Request,1000,,Thread Group 1-196,text,false,,0,0,163,163,null,0,0,0
0,0,ReminderPage Request,1000,,Thread Group 1-109,text,false,,0,0,162,162,null,0,0,0
1616670788945,60880,ReminderPage Request,1000,Test successful,Thread Group 1-223,text,true,,0,0,161,161,null,0,0,0
1616670834241,15884,ReminderPage Request,1000,Test successful,Thread Group 1-168,text,true,,0,0,160,160,null,0,0,0
1616670764917,85494,ReminderPage Request,1000,Test successful,Thread Group 1-249,text,true,,0,0,159,159,null,0,0,0
0,0,ReminderPage Request,1000,,Thread Group 1-86,text,false,,0,0,158,158,null,0,0,0
0,0,ReminderPage Request,1000,,Thread Group 1-97,text,false,,0,0,157,157,null,0,0,0
0,0,ReminderPage Request,1000,,Thread Group 1-121,text,false,,0,0,156,156,null,0,0,0
0,0,ReminderPage Request,1000,,Thread Group 1-145,text,false,,0,0,155,155,null,0,0,0
1616670767246,85726,ReminderPage Request,1000,Test successful,Thread Group 1-132,text,true,,0,0,154,154,null,0,0,0
1616670828361,24877,ReminderPage Request,1000,Test successful,Thread Group 1-256,text,true,,0,0,153,153,null,0,0,0
1616670817773,35605,ReminderPage Request,1000,Test successful,Thread Group 1-84,text,true,,0,0,152,152,null,0,0,0
1616670812479,41313,ReminderPage Request,1000,Test successful,Thread Group 1-198,text,true,,0,0,151,151,null,0,0,0
1616670789626,64235,ReminderPage Request,1000,Test successful,Thread Group 1-164,text,true,,0,0,150,150,null,0,0,0
1616670759580,94329,ReminderPage Request,1000,Test successful,Thread Group 1-170,text,true,,0,0,149,149,null,0,0,0
1616670838972,15599,ReminderPage Request,1000,Test successful,Thread Group 1-118,text,true,,0,0,148,148,null,0,0,0
1616670787470,67110,ReminderPage Request,1000,Test successful,Thread Group 1-452,text,true,,0,0,147,147,null,0,0,0
1616670838495,17006,ReminderPage Request,1000,Test successful,Thread Group 1-284,text,true,,0,0,146,146,null,0,0,0
1616670828361,27737,ReminderPage Request,1000,Test successful,Thread Group 1-69,text,true,,0,0,145,145,null,0,0,0
1616670839769,17780,ReminderPage Request,1000,Test successful,Thread Group 1-466,text,true,,0,0,144,144,null,0,0,0
1616670835145,23068,ReminderPage Request,1000,Test successful,Thread Group 1-257,text,true,,0,0,143,143,null,0,0,0
1616670842847,16123,ReminderPage Request,1000,Test successful,Thread Group 1-269,text,true,,0,0,142,142,null,0,0,0
1616670802294,57230,ReminderPage Request,1000,Test successful,Thread Group 1-221,text,true,,0,0,141,141,null,0,0,0
0,0,ReminderPage Request,1000,,Thread Group 1-81,text,false,,0,0,140,140,null,0,0,0
0,0,ReminderPage Request,1000,,Thread Group 1-185,text,false,,0,0,139,139,null,0,0,0
1616670842113,18442,ReminderPage Request,1000,Test successful,Thread Group 1-226,text,true,,0,0,138,138,null,0,0,0
0,0,ReminderPage Request,1000,,Thread Group 1-176,text,false,,0,0,137,137,null,0,0,0
1616670847387,14838,ReminderPage Request,1000,Test successful,Thread Group 1-112,text,true,,0,0,136,136,null,0,0,0
1616670841391,21858,ReminderPage Request,1000,Test successful,Thread Group 1-90,text,true,,0,0,135,135,null,0,0,0
0,0,ReminderPage Request,1000,,Thread Group 1-70,text,false,,0,0,134,134,null,0,0,0
1616670849500,14308,ReminderPage Request,1000,Test successful,Thread Group 1-189,text,true,,0,0,133,133,null,0,0,0
1616670846301,17655,ReminderPage Request,1000,Test successful,Thread Group 1-200,text,true,,0,0,132,132,null,0,0,0
1616670842847,21656,ReminderPage Request,1000,Test successful,Thread Group 1-193,text,true,,0,0,131,131,null,0,0,0
1616670848224,18213,ReminderPage Request,1000,Test successful,Thread Group 1-282,text,true,,0,0,130,130,null,0,0,0
1616670846577,21466,ReminderPage Request,1000,Test successful,Thread Group 1-197,text,true,,0,0,129,129,null,0,0,0
1616670853584,14521,ReminderPage Request,1000,Test successful,Thread Group 1-93,text,true,,0,0,128,128,null,0,0,0
1616670848075,20082,ReminderPage Request,1000,Test successful,Thread Group 1-120,text,true,,0,0,127,127,null,0,0,0
1616670854674,13918,ReminderPage Request,1000,Test successful,Thread Group 1-401,text,true,,0,0,126,126,null,0,0,0
1616670856633,12123,ReminderPage Request,1000,Test successful,Thread Group 1-275,text,true,,0,0,125,125,null,0,0,0
1616670850017,20014,ReminderPage Request,1000,Test successful,Thread Group 1-458,text,true,,0,0,124,124,null,0,0,0
1616670857694,12778,ReminderPage Request,1000,Test successful,Thread Group 1-172,text,true,,0,0,123,123,null,0,0,0
1616670856319,15037,ReminderPage Request,1000,Test successful,Thread Group 1-202,text,true,,0,0,122,122,null,0,0,0
1616670828867,42524,ReminderPage Request,1000,Test successful,Thread Group 1-123,text,true,,0,0,121,121,null,0,0,0
0,0,ReminderPage Request,1000,,Thread Group 1-63,text,false,,0,0,120,120,null,0,0,0
1616670852775,18808,ReminderPage Request,1000,Test successful,Thread Group 1-55,text,true,,0,0,119,119,null,0,0,0
1616670846072,25863,ReminderPage Request,1000,Test successful,Thread Group 1-240,text,true,,0,0,118,118,null,0,0,0
1616670859242,15258,ReminderPage Request,1000,Test successful,Thread Group 1-136,text,true,,0,0,117,117,null,0,0,0
0,0,ReminderPage Request,1000,,Thread Group 1-184,text,false,,0,0,116,116,null,0,0,0
0,0,ReminderPage Request,1000,,Thread Group 1-212,text,false,,0,0,115,115,null,0,0,0
1616670859119,17790,ReminderPage Request,1000,Test successful,Thread Group 1-128,text,true,,0,0,114,114,null,0,0,0
0,0,ReminderPage Request,1000,,Thread Group 1-264,text,false,,0,0,113,113,null,0,0,0
0,0,ReminderPage Request,1000,,Thread Group 1-199,text,false,,0,0,112,112,null,0,0,0
0,0,ReminderPage Request,1000,,Thread Group 1-60,text,false,,0,0,111,111,null,0,0,0
0,0,ReminderPage Request,1000,,Thread Group 1-110,text,false,,0,0,110,110,null,0,0,0
0,0,ReminderPage Request,1000,,Thread Group 1-472,text,false,,0,0,109,109,null,0,0,0
1616670870105,11468,ReminderPage Request,1000,Test successful,Thread Group 1-393,text,true,,0,0,108,108,null,0,0,0
1616670862505,19079,ReminderPage Request,1000,Test successful,Thread Group 1-239,text,true,,0,0,107,107,null,0,0,0
1616670868467,13904,ReminderPage Request,1000,Test successful,Thread Group 1-215,text,true,,0,0,106,106,null,0,0,0
1616670868904,14420,ReminderPage Request,1000,Test successful,Thread Group 1-203,text,true,,0,0,105,105,null,0,0,0
1616670869773,13713,ReminderPage Request,1000,Test successful,Thread Group 1-57,text,true,,0,0,104,104,null,0,0,0
1616670869291,14658,ReminderPage Request,1000,Test successful,Thread Group 1-437,text,true,,0,0,103,103,null,0,0,0
1616670873631,11105,ReminderPage Request,1000,Test successful,Thread Group 1-152,text,true,,0,0,102,102,null,0,0,0
1616670871549,14693,ReminderPage Request,1000,Test successful,Thread Group 1-96,text,true,,0,0,101,101,null,0,0,0
1616670868948,17702,ReminderPage Request,1000,Test successful,Thread Group 1-277,text,true,,0,0,100,100,null,0,0,0
1616670871896,14852,ReminderPage Request,1000,Test successful,Thread Group 1-246,text,true,,0,0,99,99,null,0,0,0
1616670866967,20285,ReminderPage Request,1000,Test successful,Thread Group 1-222,text,true,,0,0,98,98,null,0,0,0
1616670872075,15330,ReminderPage Request,1000,Test successful,Thread Group 1-438,text,true,,0,0,97,97,null,0,0,0
1616670876945,11761,ReminderPage Request,1000,Test successful,Thread Group 1-175,text,true,,0,0,96,96,null,0,0,0
1616670877794,11101,ReminderPage Request,1000,Test successful,Thread Group 1-230,text,true,,0,0,95,95,null,0,0,0
1616670875734,13782,ReminderPage Request,1000,Test successful,Thread Group 1-146,text,true,,0,0,94,94,null,0,0,0
1616670880185,9453,ReminderPage Request,1000,Test successful,Thread Group 1-179,text,true,,0,0,93,93,null,0,0,0
1616670877686,12116,ReminderPage Request,1000,Test successful,Thread Group 1-451,text,true,,0,0,92,92,null,0,0,0
1616670879450,10358,ReminderPage Request,1000,Test successful,Thread Group 1-150,text,true,,0,0,91,91,null,0,0,0
1616670881066,9680,ReminderPage Request,1000,Test successful,Thread Group 1-255,text,true,,0,0,90,90,null,0,0,0
1616670877136,13613,ReminderPage Request,1000,Test successful,Thread Group 1-453,text,true,,0,0,89,89,null,0,0,0
1616670879091,11696,ReminderPage Request,1000,Test successful,Thread Group 1-165,text,true,,0,0,88,88,null,0,0,0
1616670879553,11663,ReminderPage Request,1000,Test successful,Thread Group 1-153,text,true,,0,0,87,87,null,0,0,0
1616670882645,8784,ReminderPage Request,1000,Test successful,Thread Group 1-216,text,true,,0,0,86,86,null,0,0,0
1616670882035,9753,ReminderPage Request,1000,Test successful,Thread Group 1-73,text,true,,0,0,85,85,null,0,0,0
1616670877554,14253,ReminderPage Request,1000,Test successful,Thread Group 1-217,text,true,,0,0,84,84,null,0,0,0
1616670885639,7907,ReminderPage Request,1000,Test successful,Thread Group 1-252,text,true,,0,0,83,83,null,0,0,0
1616670887140,6817,ReminderPage Request,1000,Test successful,Thread Group 1-232,text,true,,0,0,82,82,null,0,0,0
1616670881995,12842,ReminderPage Request,1000,Test successful,Thread Group 1-283,text,true,,0,0,81,81,null,0,0,0
1616670881492,13476,ReminderPage Request,1000,Test successful,Thread Group 1-187,text,true,,0,0,80,80,null,0,0,0
1616670883357,11649,ReminderPage Request,1000,Test successful,Thread Group 1-224,text,true,,0,0,79,79,null,0,0,0
1616670884568,10483,ReminderPage Request,1000,Test successful,Thread Group 1-148,text,true,,0,0,78,78,null,0,0,0
1616670890414,6264,ReminderPage Request,1000,Test successful,Thread Group 1-444,text,true,,0,0,77,77,null,0,0,0
1616670883183,13547,ReminderPage Request,1000,Test successful,Thread Group 1-464,text,true,,0,0,76,76,null,0,0,0
1616670885051,12468,ReminderPage Request,1000,Test successful,Thread Group 1-10,text,true,,0,0,75,75,null,0,0,0
1616670888698,9115,ReminderPage Request,1000,Test successful,Thread Group 1-456,text,true,,0,0,74,74,null,0,0,0
1616670891019,7721,ReminderPage Request,1000,Test successful,Thread Group 1-450,text,true,,0,0,73,73,null,0,0,0
1616670890124,8796,ReminderPage Request,1000,Test successful,Thread Group 1-410,text,true,,0,0,72,72,null,0,0,0
1616670884568,14805,ReminderPage Request,1000,Test successful,Thread Group 1-227,text,true,,0,0,71,71,null,0,0,0
1616670889964,9825,ReminderPage Request,1000,Test successful,Thread Group 1-156,text,true,,0,0,70,70,null,0,0,0
1616670888204,11677,ReminderPage Request,1000,Test successful,Thread Group 1-253,text,true,,0,0,69,69,null,0,0,0
1616670893126,7781,ReminderPage Request,1000,Test successful,Thread Group 1-441,text,true,,0,0,68,68,null,0,0,0
1616670890966,10875,ReminderPage Request,1000,Test successful,Thread Group 1-251,text,true,,0,0,67,67,null,0,0,0
1616670894964,6888,ReminderPage Request,1000,Test successful,Thread Group 1-144,text,true,,0,0,66,66,null,0,0,0
1616670892284,9568,ReminderPage Request,1000,Test successful,Thread Group 1-149,text,true,,0,0,65,65,null,0,0,0
1616670890471,11886,ReminderPage Request,1000,Test successful,Thread Group 1-209,text,true,,0,0,64,64,null,0,0,0
1616670889488,13214,ReminderPage Request,1000,Test successful,Thread Group 1-448,text,true,,0,0,63,63,null,0,0,0
1616670891849,11227,ReminderPage Request,1000,Test successful,Thread Group 1-460,text,true,,0,0,62,62,null,0,0,0
1616670894070,9709,ReminderPage Request,1000,Test successful,Thread Group 1-154,text,true,,0,0,61,61,null,0,0,0
1616670897945,5844,ReminderPage Request,1000,Test successful,Thread Group 1-169,text,true,,0,0,60,60,null,0,0,0
1616670897906,5995,ReminderPage Request,1000,Test successful,Thread Group 1-157,text,true,,0,0,59,59,null,0,0,0
1616670898565,5870,ReminderPage Request,1000,Test successful,Thread Group 1-167,text,true,,0,0,58,58,null,0,0,0
0,0,ReminderPage Request,1000,,Thread Group 1-206,text,false,,0,0,57,57,null,0,0,0
1616670899046,6617,ReminderPage Request,1000,Test successful,Thread Group 1-208,text,true,,0,0,56,56,null,0,0,0
1616670899083,7117,ReminderPage Request,1000,Test successful,Thread Group 1-265,text,true,,0,0,55,55,null,0,0,0
0,0,ReminderPage Request,1000,,Thread Group 1-242,text,false,,0,0,54,54,null,0,0,0
1616670899553,7095,ReminderPage Request,1000,Test successful,Thread Group 1-468,text,true,,0,0,53,53,null,0,0,0
1616670898222,8463,ReminderPage Request,1000,Test successful,Thread Group 1-122,text,true,,0,0,52,52,null,0,0,0
1616670898181,9402,ReminderPage Request,1000,Test successful,Thread Group 1-449,text,true,,0,0,51,51,null,0,0,0
1616670899781,7858,ReminderPage Request,1000,Test successful,Thread Group 1-41,text,true,,0,0,50,50,null,0,0,0
1616670902072,5668,ReminderPage Request,1000,Test successful,Thread Group 1-280,text,true,,0,0,49,49,null,0,0,0
1616670899911,8128,ReminderPage Request,1000,Test successful,Thread Group 1-49,text,true,,0,0,48,48,null,0,0,0
1616670900290,7783,ReminderPage Request,1000,Test successful,Thread Group 1-281,text,true,,0,0,47,47,null,0,0,0
1616670900199,7912,ReminderPage Request,1000,Test successful,Thread Group 1-241,text,true,,0,0,46,46,null,0,0,0
1616670900830,8006,ReminderPage Request,1000,Test successful,Thread Group 1-71,text,true,,0,0,45,45,null,0,0,0
1616670903875,5402,ReminderPage Request,1000,Test successful,Thread Group 1-182,text,true,,0,0,44,44,null,0,0,0
1616670901044,8552,ReminderPage Request,1000,Test successful,Thread Group 1-442,text,true,,0,0,43,43,null,0,0,0
1616670903668,6096,ReminderPage Request,1000,Test successful,Thread Group 1-174,text,true,,0,0,42,42,null,0,0,0
1616670902898,7003,ReminderPage Request,1000,Test successful,Thread Group 1-285,text,true,,0,0,41,41,null,0,0,0
1616670905587,4592,ReminderPage Request,1000,Test successful,Thread Group 1-166,text,true,,0,0,40,40,null,0,0,0
1616670904245,6012,ReminderPage Request,1000,Test successful,Thread Group 1-101,text,true,,0,0,39,39,null,0,0,0
1616670906200,4786,ReminderPage Request,1000,Test successful,Thread Group 1-116,text,true,,0,0,38,38,null,0,0,0
1616670906060,4983,ReminderPage Request,1000,Test successful,Thread Group 1-409,text,true,,0,0,37,37,null,0,0,0
1616670904255,6868,ReminderPage Request,1000,Test successful,Thread Group 1-126,text,true,,0,0,36,36,null,0,0,0
1616670906351,4953,ReminderPage Request,1000,Test successful,Thread Group 1-244,text,true,,0,0,35,35,null,0,0,0
1616670904917,6517,ReminderPage Request,1000,Test successful,Thread Group 1-137,text,true,,0,0,34,34,null,0,0,0
1616670906351,5116,ReminderPage Request,1000,Test successful,Thread Group 1-129,text,true,,0,0,33,33,null,0,0,0
1616670906859,5015,ReminderPage Request,1000,Test successful,Thread Group 1-99,text,true,,0,0,32,32,null,0,0,0
1616670904851,8635,ReminderPage Request,1000,Test successful,Thread Group 1-238,text,true,,0,0,31,31,null,0,0,0
1616670908330,5175,ReminderPage Request,1000,Test successful,Thread Group 1-87,text,true,,0,0,30,30,null,0,0,0
1616670909183,4681,ReminderPage Request,1000,Test successful,Thread Group 1-151,text,true,,0,0,29,29,null,0,0,0
1616670910294,3570,ReminderPage Request,1000,Test successful,Thread Group 1-171,text,true,,0,0,28,28,null,0,0,0
1616670909908,4358,ReminderPage Request,1000,Test successful,Thread Group 1-201,text,true,,0,0,27,27,null,0,0,0
1616670909911,5263,ReminderPage Request,1000,Test successful,Thread Group 1-177,text,true,,0,0,26,26,null,0,0,0
1616670911555,3829,ReminderPage Request,1000,Test successful,Thread Group 1-432,text,true,,0,0,25,25,null,0,0,0
1616670909851,5673,ReminderPage Request,1000,Test successful,Thread Group 1-287,text,true,,0,0,24,24,null,0,0,0
1616670911508,4414,ReminderPage Request,1000,Test successful,Thread Group 1-207,text,true,,0,0,23,23,null,0,0,0
1616670913540,3069,ReminderPage Request,1000,Test successful,Thread Group 1-412,text,true,,0,0,22,22,null,0,0,0
1616670909713,6904,ReminderPage Request,1000,Test successful,Thread Group 1-100,text,true,,0,0,21,21,null,0,0,0
1616670912410,4460,ReminderPage Request,1000,Test successful,Thread Group 1-435,text,true,,0,0,20,20,null,0,0,0
1616670913540,3408,ReminderPage Request,1000,Test successful,Thread Group 1-408,text,true,,0,0,19,19,null,0,0,0
1616670910597,6482,ReminderPage Request,1000,Test successful,Thread Group 1-258,text,true,,0,0,18,18,null,0,0,0
1616670912832,4700,ReminderPage Request,1000,Test successful,Thread Group 1-423,text,true,,0,0,17,17,null,0,0,0
1616670911055,6824,ReminderPage Request,1000,Test successful,Thread Group 1-266,text,true,,0,0,16,16,null,0,0,0
1616670913665,4385,ReminderPage Request,1000,Test successful,Thread Group 1-424,text,true,,0,0,15,15,null,0,0,0
1616670915455,3735,ReminderPage Request,1000,Test successful,Thread Group 1-417,text,true,,0,0,14,14,null,0,0,0
1616670916090,3282,ReminderPage Request,1000,Test successful,Thread Group 1-247,text,true,,0,0,13,13,null,0,0,0
1616670915334,4418,ReminderPage Request,1000,Test successful,Thread Group 1-406,text,true,,0,0,12,12,null,0,0,0
1616670916802,3376,ReminderPage Request,1000,Test successful,Thread Group 1-471,text,true,,0,0,11,11,null,0,0,0
1616670917110,3344,ReminderPage Request,1000,Test successful,Thread Group 1-419,text,true,,0,0,10,10,null,0,0,0
1616670914670,6014,ReminderPage Request,1000,Test successful,Thread Group 1-455,text,true,,0,0,9,9,null,0,0,0
1616670917765,3352,ReminderPage Request,1000,Test successful,Thread Group 1-457,text,true,,0,0,8,8,null,0,0,0
1616670916726,4572,ReminderPage Request,1000,Test successful,Thread Group 1-396,text,true,,0,0,7,7,null,0,0,0
1616670918814,3282,ReminderPage Request,1000,Test successful,Thread Group 1-214,text,true,,0,0,6,6,null,0,0,0
1616670918472,3909,ReminderPage Request,1000,Test successful,Thread Group 1-400,text,true,,0,0,5,5,null,0,0,0
1616670919695,3317,ReminderPage Request,1000,Test successful,Thread Group 1-429,text,true,,0,0,4,4,null,0,0,0
1616670920066,3298,ReminderPage Request,1000,Test successful,Thread Group 1-191,text,true,,0,0,3,3,null,0,0,0
1616670921295,3186,ReminderPage Request,1000,Test successful,Thread Group 1-407,text,true,,0,0,2,2,null,0,0,0
0,0,ReminderPage Request,1000,,Thread Group 1-8,text,false,,0,0,1,1,null,0,0,0
